[{"confirmed":48289,"deaths":522,"recovered":45904,"id":"US-WY"},{"confirmed":104392,"deaths":1671,"recovered":74739,"id":"US-WV"},{"confirmed":558020,"deaths":5679,"recovered":480112,"id":"US-WI"},{"confirmed":281202,"deaths":3838,"recovered":0,"id":"US-WA"},{"confirmed":9368,"deaths":158,"recovered":6321,"id":"US-VT"},{"confirmed":412545,"deaths":5552,"recovered":33798,"id":"US-VA"},{"confirmed":314218,"deaths":1449,"recovered":257824,"id":"US-UT"},{"confirmed":2040751,"deaths":31277,"recovered":1612188,"id":"US-TX"},{"confirmed":665499,"deaths":8148,"recovered":588974,"id":"US-TN"},{"confirmed":104195,"deaths":1604,"recovered":97829,"id":"US-SD"},{"confirmed":365378,"deaths":5911,"recovered":168440,"id":"US-SC"},{"confirmed":102485,"deaths":1987,"recovered":6101,"id":"US-RI"},{"confirmed":746002,"deaths":18412,"recovered":556041,"id":"US-PA"},{"confirmed":129109,"deaths":1708,"recovered":5870,"id":"US-OR"},{"confirmed":341364,"deaths":2848,"recovered":299375,"id":"US-OK"},{"confirmed":799639,"deaths":9881,"recovered":656433,"id":"US-OH"},{"confirmed":1179266,"deaths":40192,"recovered":112023,"id":"US-NY"},{"confirmed":253985,"deaths":3596,"recovered":0,"id":"US-NV"},{"confirmed":159119,"deaths":2807,"recovered":81603,"id":"US-NM"},{"confirmed":602629,"deaths":20161,"recovered":60769,"id":"US-NJ"},{"confirmed":54125,"deaths":885,"recovered":46633,"id":"US-NH"},{"confirmed":179199,"deaths":1803,"recovered":120700,"id":"US-NE"},{"confirmed":95135,"deaths":1364,"recovered":92029,"id":"US-ND"},{"confirmed":641073,"deaths":7745,"recovered":521475,"id":"US-NC"},{"confirmed":87653,"deaths":1069,"recovered":81676,"id":"US-MT"},{"confirmed":243899,"deaths":5315,"recovered":198888,"id":"US-MS"},{"confirmed":440849,"deaths":6359,"recovered":0,"id":"US-MO"},{"confirmed":440354,"deaths":5842,"recovered":419139,"id":"US-MN"},{"confirmed":573278,"deaths":14336,"recovered":415079,"id":"US-MI"},{"confirmed":31150,"deaths":453,"recovered":11809,"id":"US-ME"},{"confirmed":314867,"deaths":6404,"recovered":9439,"id":"US-MD"},{"confirmed":448447,"deaths":13359,"recovered":293522,"id":"US-MA"},{"confirmed":355835,"deaths":8022,"recovered":298614,"id":"US-LA"},{"confirmed":313281,"deaths":2991,"recovered":39723,"id":"US-KY"},{"confirmed":252990,"deaths":3343,"recovered":5026,"id":"US-KS"},{"confirmed":574119,"deaths":9163,"recovered":372444,"id":"US-IN"},{"confirmed":1046030,"deaths":19617,"recovered":0,"id":"US-IL"},{"confirmed":152364,"deaths":1564,"recovered":67633,"id":"US-ID"},{"confirmed":301161,"deaths":4232,"recovered":260557,"id":"US-IA"},{"confirmed":23949,"deaths":311,"recovered":11958,"id":"US-HI"},{"confirmed":782288,"deaths":11803,"recovered":0,"id":"US-GA"},{"confirmed":1517472,"deaths":23396,"recovered":0,"id":"US-FL"},{"confirmed":67173,"deaths":994,"recovered":18851,"id":"US-DE"},{"confirmed":32600,"deaths":831,"recovered":22673,"id":"US-DC"},{"confirmed":220576,"deaths":6536,"recovered":9800,"id":"US-CT"},{"confirmed":366774,"deaths":5285,"recovered":19457,"id":"US-CO"},{"confirmed":2843062,"deaths":31684,"recovered":0,"id":"US-CA"},{"confirmed":641729,"deaths":10673,"recovered":87672,"id":"US-AZ"},{"confirmed":262020,"deaths":4186,"recovered":229700,"id":"US-AR"},{"confirmed":410995,"deaths":5760,"recovered":211684,"id":"US-AL"},{"confirmed":50816,"deaths":226,"recovered":7165,"id":"US-AK"}]