[{"confirmed":0,"deaths":0,"recovered":0,"id":"TV"},{"confirmed":0,"deaths":0,"recovered":0,"id":"BV"},{"confirmed":0,"deaths":0,"recovered":0,"id":"GI"},{"confirmed":0,"deaths":0,"recovered":0,"id":"BQ"},{"confirmed":901740,"deaths":12786,"recovered":11297,"id":"NL"},{"confirmed":24256,"deaths":589,"recovered":13658,"id":"ZW"},{"confirmed":31100,"deaths":509,"recovered":21568,"id":"ZM"},{"confirmed":1278303,"deaths":35140,"recovered":1030930,"id":"ZA"},{"confirmed":2109,"deaths":612,"recovered":1419,"id":"YE"},{"confirmed":2,"deaths":0,"recovered":2,"id":"WS"},{"confirmed":0,"deaths":0,"recovered":0,"id":"WF"},{"confirmed":149769,"deaths":1658,"recovered":134977,"id":"PS"},{"confirmed":1,"deaths":0,"recovered":1,"id":"VU"},{"confirmed":1521,"deaths":35,"recovered":1369,"id":"VN"},{"confirmed":0,"deaths":0,"recovered":0,"id":"VI"},{"confirmed":0,"deaths":0,"recovered":0,"id":"VG"},{"confirmed":117811,"deaths":1084,"recovered":111616,"id":"VE"},{"confirmed":284,"deaths":0,"recovered":106,"id":"VC"},{"confirmed":27,"deaths":0,"recovered":15,"id":"VA"},{"confirmed":77777,"deaths":618,"recovered":76276,"id":"UZ"},{"confirmed":23077437,"deaths":384784,"recovered":0,"id":"US"},{"confirmed":28475,"deaths":275,"recovered":20733,"id":"UY"},{"confirmed":1175343,"deaths":21300,"recovered":867370,"id":"UA"},{"confirmed":38085,"deaths":304,"recovered":13083,"id":"UG"},{"confirmed":509,"deaths":21,"recovered":183,"id":"TZ"},{"confirmed":842,"deaths":7,"recovered":731,"id":"TW"},{"confirmed":2355839,"deaths":23325,"recovered":2227927,"id":"TR"},{"confirmed":168568,"deaths":5415,"recovered":122775,"id":"TN"},{"confirmed":7305,"deaths":129,"recovered":6891,"id":"TT"},{"confirmed":0,"deaths":0,"recovered":0,"id":"TO"},{"confirmed":51,"deaths":0,"recovered":45,"id":"TL"},{"confirmed":0,"deaths":0,"recovered":0,"id":"TM"},{"confirmed":0,"deaths":0,"recovered":0,"id":"TK"},{"confirmed":13308,"deaths":90,"recovered":13218,"id":"TJ"},{"confirmed":11262,"deaths":69,"recovered":7660,"id":"TH"},{"confirmed":4109,"deaths":73,"recovered":3683,"id":"TG"},{"confirmed":2709,"deaths":109,"recovered":2033,"id":"TD"},{"confirmed":0,"deaths":0,"recovered":0,"id":"TC"},{"confirmed":12660,"deaths":799,"recovered":6259,"id":"SY"},{"confirmed":612,"deaths":1,"recovered":326,"id":"SC"},{"confirmed":0,"deaths":0,"recovered":0,"id":"SX"},{"confirmed":12124,"deaths":332,"recovered":7986,"id":"SZ"},{"confirmed":512203,"deaths":9834,"recovered":0,"id":"SE"},{"confirmed":145472,"deaths":3093,"recovered":119149,"id":"SI"},{"confirmed":217978,"deaths":3260,"recovered":160401,"id":"SK"},{"confirmed":7247,"deaths":139,"recovered":6477,"id":"SR"},{"confirmed":1105,"deaths":17,"recovered":990,"id":"ST"},{"confirmed":366191,"deaths":3664,"recovered":0,"id":"RS"},{"confirmed":0,"deaths":0,"recovered":0,"id":"PM"},{"confirmed":4744,"deaths":130,"recovered":3666,"id":"SO"},{"confirmed":2723,"deaths":65,"recovered":2373,"id":"SM"},{"confirmed":50157,"deaths":1459,"recovered":44304,"id":"SV"},{"confirmed":2887,"deaths":77,"recovered":2013,"id":"SL"},{"confirmed":17,"deaths":0,"recovered":10,"id":"SB"},{"confirmed":0,"deaths":0,"recovered":0,"id":"SH"},{"confirmed":0,"deaths":0,"recovered":0,"id":"GS"},{"confirmed":59029,"deaths":29,"recovered":58722,"id":"SG"},{"confirmed":21883,"deaths":489,"recovered":18621,"id":"SN"},{"confirmed":3670,"deaths":63,"recovered":3181,"id":"SS"},{"confirmed":25730,"deaths":1576,"recovered":15240,"id":"SD"},{"confirmed":364271,"deaths":6304,"recovered":356013,"id":"SA"},{"confirmed":0,"deaths":0,"recovered":0,"id":"EH"},{"confirmed":10122,"deaths":128,"recovered":6974,"id":"RW"},{"confirmed":3459237,"deaths":63016,"recovered":2851737,"id":"RU"},{"confirmed":681392,"deaths":16969,"recovered":610122,"id":"RO"},{"confirmed":0,"deaths":0,"recovered":0,"id":"RE"},{"confirmed":146480,"deaths":246,"recovered":143094,"id":"QA"},{"confirmed":0,"deaths":0,"recovered":0,"id":"PF"},{"confirmed":118592,"deaths":2451,"recovered":94140,"id":"PY"},{"confirmed":507108,"deaths":8236,"recovered":382544,"id":"PT"},{"confirmed":0,"deaths":0,"recovered":0,"id":"KP"},{"confirmed":0,"deaths":0,"recovered":0,"id":"PR"},{"confirmed":1414362,"deaths":32456,"recovered":1155823,"id":"PL"},{"confirmed":833,"deaths":9,"recovered":755,"id":"PG"},{"confirmed":0,"deaths":0,"recovered":0,"id":"PW"},{"confirmed":494605,"deaths":9739,"recovered":459252,"id":"PH"},{"confirmed":1040231,"deaths":38399,"recovered":973374,"id":"PE"},{"confirmed":0,"deaths":0,"recovered":0,"id":"PN"},{"confirmed":288408,"deaths":4594,"recovered":227141,"id":"PA"},{"confirmed":511921,"deaths":10818,"recovered":467234,"id":"PK"},{"confirmed":131264,"deaths":1509,"recovered":123593,"id":"OM"},{"confirmed":2228,"deaths":25,"recovered":2141,"id":"NZ"},{"confirmed":0,"deaths":0,"recovered":0,"id":"SJ"},{"confirmed":0,"deaths":0,"recovered":0,"id":"NR"},{"confirmed":266546,"deaths":1943,"recovered":260177,"id":"NP"},{"confirmed":57282,"deaths":509,"recovered":17998,"id":"NO"},{"confirmed":0,"deaths":0,"recovered":0,"id":"NU"},{"confirmed":6152,"deaths":167,"recovered":4225,"id":"NI"},{"confirmed":103999,"deaths":1382,"recovered":82555,"id":"NG"},{"confirmed":0,"deaths":0,"recovered":0,"id":"NF"},{"confirmed":3998,"deaths":136,"recovered":2631,"id":"NE"},{"confirmed":0,"deaths":0,"recovered":0,"id":"NC"},{"confirmed":29183,"deaths":271,"recovered":25408,"id":"NA"},{"confirmed":0,"deaths":0,"recovered":0,"id":"YT"},{"confirmed":147855,"deaths":578,"recovered":113288,"id":"MY"},{"confirmed":9400,"deaths":254,"recovered":5854,"id":"MW"},{"confirmed":547,"deaths":10,"recovered":516,"id":"MU"},{"confirmed":0,"deaths":0,"recovered":0,"id":"MQ"},{"confirmed":0,"deaths":0,"recovered":0,"id":"MS"},{"confirmed":15794,"deaths":395,"recovered":14008,"id":"MR"},{"confirmed":23726,"deaths":205,"recovered":18282,"id":"MZ"},{"confirmed":0,"deaths":0,"recovered":0,"id":"MP"},{"confirmed":1479,"deaths":2,"recovered":909,"id":"MN"},{"confirmed":53840,"deaths":737,"recovered":43475,"id":"ME"},{"confirmed":132260,"deaths":2902,"recovered":115621,"id":"MM"},{"confirmed":14958,"deaths":234,"recovered":12123,"id":"MT"},{"confirmed":7738,"deaths":303,"recovered":5374,"id":"ML"},{"confirmed":87590,"deaths":2657,"recovered":68695,"id":"MK"},{"confirmed":4,"deaths":0,"recovered":4,"id":"MH"},{"confirmed":1571901,"deaths":136917,"recovered":1176658,"id":"MX"},{"confirmed":14277,"deaths":49,"recovered":13438,"id":"MV"},{"confirmed":18001,"deaths":267,"recovered":17447,"id":"MG"},{"confirmed":150946,"deaths":3193,"recovered":140217,"id":"MD"},{"confirmed":1128,"deaths":7,"recovered":926,"id":"MC"},{"confirmed":455055,"deaths":7810,"recovered":429278,"id":"MA"},{"confirmed":0,"deaths":0,"recovered":0,"id":"MF"},{"confirmed":52032,"deaths":909,"recovered":38417,"id":"LV"},{"confirmed":48372,"deaths":542,"recovered":44935,"id":"LU"},{"confirmed":164414,"deaths":2346,"recovered":97511,"id":"LT"},{"confirmed":6241,"deaths":87,"recovered":1585,"id":"LS"},{"confirmed":50229,"deaths":247,"recovered":43267,"id":"LK"},{"confirmed":2370,"deaths":49,"recovered":2211,"id":"LI"},{"confirmed":502,"deaths":6,"recovered":319,"id":"LC"},{"confirmed":106670,"deaths":1629,"recovered":83311,"id":"LY"},{"confirmed":1877,"deaths":84,"recovered":1697,"id":"LR"},{"confirmed":231936,"deaths":1740,"recovered":145873,"id":"LB"},{"confirmed":41,"deaths":0,"recovered":41,"id":"LA"},{"confirmed":155874,"deaths":946,"recovered":149809,"id":"KW"},{"confirmed":54560,"deaths":1388,"recovered":47607,"id":"XK"},{"confirmed":70728,"deaths":1195,"recovered":55772,"id":"KR"},{"confirmed":34,"deaths":0,"recovered":31,"id":"KN"},{"confirmed":0,"deaths":0,"recovered":0,"id":"KI"},{"confirmed":411,"deaths":0,"recovered":377,"id":"KH"},{"confirmed":82723,"deaths":1378,"recovered":78563,"id":"KG"},{"confirmed":98555,"deaths":1720,"recovered":81667,"id":"KE"},{"confirmed":211901,"deaths":2881,"recovered":185381,"id":"KZ"},{"confirmed":310574,"deaths":4099,"recovered":233509,"id":"JP"},{"confirmed":310968,"deaths":4091,"recovered":293531,"id":"JO"},{"confirmed":0,"deaths":0,"recovered":0,"id":"JE"},{"confirmed":13852,"deaths":317,"recovered":11568,"id":"JM"},{"confirmed":2319036,"deaths":80326,"recovered":1673936,"id":"IT"},{"confirmed":523885,"deaths":3846,"recovered":440562,"id":"IL"},{"confirmed":5935,"deaths":29,"recovered":5742,"id":"IS"},{"confirmed":605416,"deaths":12915,"recovered":562575,"id":"IQ"},{"confirmed":1305339,"deaths":56457,"recovered":1094388,"id":"IR"},{"confirmed":159144,"deaths":2460,"recovered":23364,"id":"IE"},{"confirmed":0,"deaths":0,"recovered":0,"id":"IO"},{"confirmed":10512093,"deaths":151727,"recovered":10146763,"id":"IN"},{"confirmed":0,"deaths":0,"recovered":0,"id":"IM"},{"confirmed":869600,"deaths":25246,"recovered":711205,"id":"ID"},{"confirmed":347636,"deaths":11066,"recovered":220304,"id":"HU"},{"confirmed":10569,"deaths":238,"recovered":8888,"id":"HT"},{"confirmed":223097,"deaths":4517,"recovered":213370,"id":"HR"},{"confirmed":131009,"deaths":3320,"recovered":59647,"id":"HN"},{"confirmed":0,"deaths":0,"recovered":0,"id":"HM"},{"confirmed":6696,"deaths":170,"recovered":6063,"id":"GY"},{"confirmed":0,"deaths":0,"recovered":0,"id":"GU"},{"confirmed":0,"deaths":0,"recovered":0,"id":"GF"},{"confirmed":145986,"deaths":5117,"recovered":132507,"id":"GT"},{"confirmed":0,"deaths":0,"recovered":0,"id":"GL"},{"confirmed":132,"deaths":1,"recovered":123,"id":"GD"},{"confirmed":146688,"deaths":5354,"recovered":93764,"id":"GR"},{"confirmed":5316,"deaths":86,"recovered":5169,"id":"GQ"},{"confirmed":2478,"deaths":45,"recovered":2400,"id":"GW"},{"confirmed":3885,"deaths":125,"recovered":3679,"id":"GM"},{"confirmed":0,"deaths":0,"recovered":0,"id":"GP"},{"confirmed":14051,"deaths":81,"recovered":13301,"id":"GN"},{"confirmed":56981,"deaths":341,"recovered":55236,"id":"GH"},{"confirmed":0,"deaths":0,"recovered":0,"id":"GG"},{"confirmed":244612,"deaths":2867,"recovered":228359,"id":"GE"},{"confirmed":9819,"deaths":66,"recovered":9597,"id":"GA"},{"confirmed":2888292,"deaths":69168,"recovered":211598,"id":"FR"},{"confirmed":0,"deaths":0,"recovered":0,"id":"FM"},{"confirmed":0,"deaths":0,"recovered":0,"id":"FO"},{"confirmed":0,"deaths":0,"recovered":0,"id":"FK"},{"confirmed":53,"deaths":2,"recovered":47,"id":"FJ"},{"confirmed":39593,"deaths":610,"recovered":31000,"id":"FI"},{"confirmed":129455,"deaths":2006,"recovered":114567,"id":"ET"},{"confirmed":35621,"deaths":311,"recovered":25032,"id":"EE"},{"confirmed":2176089,"deaths":52878,"recovered":150376,"id":"ES"},{"confirmed":1596,"deaths":6,"recovered":934,"id":"ER"},{"confirmed":3220956,"deaths":84910,"recovered":7438,"id":"GB"},{"confirmed":152719,"deaths":8362,"recovered":120312,"id":"EG"},{"confirmed":224315,"deaths":14229,"recovered":193581,"id":"EC"},{"confirmed":102860,"deaths":2819,"recovered":69791,"id":"DZ"},{"confirmed":186383,"deaths":2428,"recovered":140217,"id":"DO"},{"confirmed":185835,"deaths":1661,"recovered":161841,"id":"DK"},{"confirmed":109,"deaths":0,"recovered":101,"id":"DM"},{"confirmed":5891,"deaths":61,"recovered":5808,"id":"DJ"},{"confirmed":1993892,"deaths":44100,"recovered":1640682,"id":"DE"},{"confirmed":866522,"deaths":13856,"recovered":708842,"id":"CZ"},{"confirmed":28124,"deaths":163,"recovered":2057,"id":"CY"},{"confirmed":0,"deaths":0,"recovered":0,"id":"KY"},{"confirmed":0,"deaths":0,"recovered":0,"id":"CX"},{"confirmed":0,"deaths":0,"recovered":0,"id":"CW"},{"confirmed":16044,"deaths":158,"recovered":12478,"id":"CU"},{"confirmed":182156,"deaths":2384,"recovered":139967,"id":"CR"},{"confirmed":12592,"deaths":115,"recovered":11900,"id":"CV"},{"confirmed":1169,"deaths":21,"recovered":949,"id":"KM"},{"confirmed":1831980,"deaths":47124,"recovered":1665003,"id":"CO"},{"confirmed":0,"deaths":0,"recovered":0,"id":"CK"},{"confirmed":7160,"deaths":112,"recovered":5846,"id":"CG"},{"confirmed":20003,"deaths":626,"recovered":14767,"id":"CD"},{"confirmed":27336,"deaths":451,"recovered":24892,"id":"CM"},{"confirmed":24369,"deaths":140,"recovered":22856,"id":"CI"},{"confirmed":97326,"deaths":4796,"recovered":90971,"id":"CN"},{"confirmed":652525,"deaths":17204,"recovered":611564,"id":"CL"},{"confirmed":490358,"deaths":8521,"recovered":317600,"id":"CH"},{"confirmed":0,"deaths":0,"recovered":0,"id":"CC"},{"confirmed":686211,"deaths":17404,"recovered":591131,"id":"CA"},{"confirmed":4973,"deaths":63,"recovered":4885,"id":"CF"},{"confirmed":670249,"deaths":20250,"recovered":0,"id":"BE"},{"confirmed":16768,"deaths":59,"recovered":13310,"id":"BW"},{"confirmed":833,"deaths":1,"recovered":504,"id":"BT"},{"confirmed":174,"deaths":3,"recovered":168,"id":"BN"},{"confirmed":1007,"deaths":7,"recovered":465,"id":"BB"},{"confirmed":8256536,"deaths":205964,"recovered":7347080,"id":"BR"},{"confirmed":178818,"deaths":9493,"recovered":140671,"id":"BO"},{"confirmed":0,"deaths":0,"recovered":0,"id":"BM"},{"confirmed":11419,"deaths":278,"recovered":10569,"id":"BZ"},{"confirmed":219663,"deaths":1554,"recovered":202446,"id":"BY"},{"confirmed":0,"deaths":0,"recovered":0,"id":"BL"},{"confirmed":8011,"deaths":175,"recovered":6351,"id":"BS"},{"confirmed":96470,"deaths":356,"recovered":93160,"id":"BH"},{"confirmed":116668,"deaths":4399,"recovered":83662,"id":"BA"},{"confirmed":210416,"deaths":8349,"recovered":143642,"id":"BG"},{"confirmed":524910,"deaths":7833,"recovered":469522,"id":"BD"},{"confirmed":8546,"deaths":93,"recovered":6119,"id":"BF"},{"confirmed":3413,"deaths":46,"recovered":3222,"id":"BJ"},{"confirmed":1062,"deaths":2,"recovered":773,"id":"BI"},{"confirmed":225820,"deaths":2957,"recovered":212120,"id":"AZ"},{"confirmed":385750,"deaths":6868,"recovered":359692,"id":"AT"},{"confirmed":28658,"deaths":909,"recovered":25873,"id":"AU"},{"confirmed":0,"deaths":0,"recovered":0,"id":"TF"},{"confirmed":0,"deaths":0,"recovered":0,"id":"AQ"},{"confirmed":0,"deaths":0,"recovered":0,"id":"AS"},{"confirmed":163576,"deaths":2963,"recovered":151849,"id":"AM"},{"confirmed":1757429,"deaths":44983,"recovered":1536423,"id":"AR"},{"confirmed":242969,"deaths":726,"recovered":215820,"id":"AE"},{"confirmed":8818,"deaths":87,"recovered":8070,"id":"AD"},{"confirmed":0,"deaths":0,"recovered":0,"id":"AX"},{"confirmed":65334,"deaths":1256,"recovered":38860,"id":"AL"},{"confirmed":0,"deaths":0,"recovered":0,"id":"AI"},{"confirmed":18425,"deaths":424,"recovered":15631,"id":"AO"},{"confirmed":53584,"deaths":2301,"recovered":45105,"id":"AF"},{"confirmed":176,"deaths":5,"recovered":152,"id":"AG"},{"confirmed":0,"deaths":0,"recovered":0,"id":"AW"},{"confirmed":721,"deaths":15,"recovered":706,"id":"XX"}]