[{"confirmed":555,"deaths":17,"recovered":28,"date":"2020-01-22"},{"confirmed":653,"deaths":18,"recovered":30,"date":"2020-01-23"},{"confirmed":941,"deaths":26,"recovered":36,"date":"2020-01-24"},{"confirmed":1438,"deaths":42,"recovered":39,"date":"2020-01-25"},{"confirmed":2118,"deaths":56,"recovered":52,"date":"2020-01-26"},{"confirmed":2927,"deaths":82,"recovered":61,"date":"2020-01-27"},{"confirmed":5578,"deaths":131,"recovered":107,"date":"2020-01-28"},{"confirmed":6165,"deaths":133,"recovered":126,"date":"2020-01-29"},{"confirmed":8235,"deaths":171,"recovered":143,"date":"2020-01-30"},{"confirmed":9925,"deaths":213,"recovered":222,"date":"2020-01-31"},{"confirmed":12038,"deaths":259,"recovered":284,"date":"2020-02-01"},{"confirmed":16787,"deaths":362,"recovered":472,"date":"2020-02-02"},{"confirmed":19881,"deaths":426,"recovered":623,"date":"2020-02-03"},{"confirmed":23892,"deaths":492,"recovered":852,"date":"2020-02-04"},{"confirmed":27636,"deaths":564,"recovered":1124,"date":"2020-02-05"},{"confirmed":30818,"deaths":634,"recovered":1487,"date":"2020-02-06"},{"confirmed":34392,"deaths":719,"recovered":2011,"date":"2020-02-07"},{"confirmed":37121,"deaths":806,"recovered":2616,"date":"2020-02-08"},{"confirmed":40151,"deaths":906,"recovered":3244,"date":"2020-02-09"},{"confirmed":42763,"deaths":1013,"recovered":3946,"date":"2020-02-10"},{"confirmed":44803,"deaths":1113,"recovered":4683,"date":"2020-02-11"},{"confirmed":45222,"deaths":1118,"recovered":5150,"date":"2020-02-12"},{"confirmed":60370,"deaths":1371,"recovered":6295,"date":"2020-02-13"},{"confirmed":66887,"deaths":1523,"recovered":8058,"date":"2020-02-14"},{"confirmed":69032,"deaths":1666,"recovered":9395,"date":"2020-02-15"},{"confirmed":71226,"deaths":1770,"recovered":10865,"date":"2020-02-16"},{"confirmed":73260,"deaths":1868,"recovered":12583,"date":"2020-02-17"},{"confirmed":75138,"deaths":2007,"recovered":14352,"date":"2020-02-18"},{"confirmed":75641,"deaths":2122,"recovered":16121,"date":"2020-02-19"},{"confirmed":76199,"deaths":2247,"recovered":18177,"date":"2020-02-20"},{"confirmed":76843,"deaths":2251,"recovered":18890,"date":"2020-02-21"},{"confirmed":78599,"deaths":2458,"recovered":22886,"date":"2020-02-22"},{"confirmed":78985,"deaths":2469,"recovered":23394,"date":"2020-02-23"},{"confirmed":79570,"deaths":2629,"recovered":25227,"date":"2020-02-24"},{"confirmed":80415,"deaths":2708,"recovered":27905,"date":"2020-02-25"},{"confirmed":81397,"deaths":2770,"recovered":30384,"date":"2020-02-26"},{"confirmed":82756,"deaths":2814,"recovered":33276,"date":"2020-02-27"},{"confirmed":84126,"deaths":2872,"recovered":36710,"date":"2020-02-28"},{"confirmed":86012,"deaths":2941,"recovered":39781,"date":"2020-02-29"},{"confirmed":88368,"deaths":2996,"recovered":42715,"date":"2020-03-01"},{"confirmed":90311,"deaths":3085,"recovered":45601,"date":"2020-03-02"},{"confirmed":92856,"deaths":3160,"recovered":48228,"date":"2020-03-03"},{"confirmed":95127,"deaths":3254,"recovered":51170,"date":"2020-03-04"},{"confirmed":97936,"deaths":3349,"recovered":53796,"date":"2020-03-05"},{"confirmed":101763,"deaths":3460,"recovered":55864,"date":"2020-03-06"},{"confirmed":105832,"deaths":3563,"recovered":58357,"date":"2020-03-07"},{"confirmed":109820,"deaths":3803,"recovered":60693,"date":"2020-03-08"},{"confirmed":113776,"deaths":4002,"recovered":62510,"date":"2020-03-09"},{"confirmed":118587,"deaths":4262,"recovered":64400,"date":"2020-03-10"},{"confirmed":125850,"deaths":4615,"recovered":66999,"date":"2020-03-11"},{"confirmed":128329,"deaths":4720,"recovered":68320,"date":"2020-03-12"},{"confirmed":145185,"deaths":5404,"recovered":70248,"date":"2020-03-13"},{"confirmed":156086,"deaths":5819,"recovered":72621,"date":"2020-03-14"},{"confirmed":167411,"deaths":6440,"recovered":76031,"date":"2020-03-15"},{"confirmed":181576,"deaths":7126,"recovered":78085,"date":"2020-03-16"},{"confirmed":197211,"deaths":7905,"recovered":80832,"date":"2020-03-17"},{"confirmed":214984,"deaths":8733,"recovered":83308,"date":"2020-03-18"},{"confirmed":242675,"deaths":9867,"recovered":84962,"date":"2020-03-19"},{"confirmed":272271,"deaths":11297,"recovered":87402,"date":"2020-03-20"},{"confirmed":304686,"deaths":12973,"recovered":91654,"date":"2020-03-21"},{"confirmed":337852,"deaths":14623,"recovered":97225,"date":"2020-03-22"},{"confirmed":378496,"deaths":16497,"recovered":100943,"date":"2020-03-23"},{"confirmed":417863,"deaths":18616,"recovered":107677,"date":"2020-03-24"},{"confirmed":467529,"deaths":21181,"recovered":113743,"date":"2020-03-25"},{"confirmed":529630,"deaths":23970,"recovered":122125,"date":"2020-03-26"},{"confirmed":593400,"deaths":27196,"recovered":130899,"date":"2020-03-27"},{"confirmed":660666,"deaths":30650,"recovered":139404,"date":"2020-03-28"},{"confirmed":719966,"deaths":33924,"recovered":149049,"date":"2020-03-29"},{"confirmed":782256,"deaths":37580,"recovered":164546,"date":"2020-03-30"},{"confirmed":857374,"deaths":42104,"recovered":178014,"date":"2020-03-31"},{"confirmed":932324,"deaths":47266,"recovered":193425,"date":"2020-04-01"},{"confirmed":1012897,"deaths":53053,"recovered":210522,"date":"2020-04-02"},{"confirmed":1095594,"deaths":58875,"recovered":226060,"date":"2020-04-03"},{"confirmed":1175734,"deaths":64700,"recovered":246442,"date":"2020-04-04"},{"confirmed":1249405,"deaths":69486,"recovered":260355,"date":"2020-04-05"},{"confirmed":1321121,"deaths":74656,"recovered":276869,"date":"2020-04-06"},{"confirmed":1394856,"deaths":81963,"recovered":300343,"date":"2020-04-07"},{"confirmed":1480164,"deaths":88424,"recovered":329051,"date":"2020-04-08"},{"confirmed":1563616,"deaths":95511,"recovered":354270,"date":"2020-04-09"},{"confirmed":1657074,"deaths":102586,"recovered":376373,"date":"2020-04-10"},{"confirmed":1735153,"deaths":108559,"recovered":402380,"date":"2020-04-11"},{"confirmed":1834320,"deaths":114166,"recovered":422004,"date":"2020-04-12"},{"confirmed":1904398,"deaths":119568,"recovered":449028,"date":"2020-04-13"},{"confirmed":1975667,"deaths":126066,"recovered":474617,"date":"2020-04-14"},{"confirmed":2055573,"deaths":134261,"recovered":511279,"date":"2020-04-15"},{"confirmed":2152152,"deaths":143863,"recovered":542463,"date":"2020-04-16"},{"confirmed":2239485,"deaths":153883,"recovered":568767,"date":"2020-04-17"},{"confirmed":2320899,"deaths":159571,"recovered":592683,"date":"2020-04-18"},{"confirmed":2400752,"deaths":165105,"recovered":624377,"date":"2020-04-19"},{"confirmed":2471842,"deaths":170064,"recovered":646376,"date":"2020-04-20"},{"confirmed":2548768,"deaths":176661,"recovered":680415,"date":"2020-04-21"},{"confirmed":2627319,"deaths":183128,"recovered":709993,"date":"2020-04-22"},{"confirmed":2707997,"deaths":190908,"recovered":738736,"date":"2020-04-23"},{"confirmed":2810987,"deaths":197206,"recovered":793703,"date":"2020-04-24"},{"confirmed":2897130,"deaths":202902,"recovered":816900,"date":"2020-04-25"},{"confirmed":2971610,"deaths":206618,"recovered":866084,"date":"2020-04-26"},{"confirmed":3041939,"deaths":211240,"recovered":894397,"date":"2020-04-27"},{"confirmed":3116602,"deaths":217207,"recovered":929025,"date":"2020-04-28"},{"confirmed":3195253,"deaths":227689,"recovered":972952,"date":"2020-04-29"},{"confirmed":3258570,"deaths":233418,"recovered":1015111,"date":"2020-04-30"},{"confirmed":3346157,"deaths":238691,"recovered":1053559,"date":"2020-05-01"},{"confirmed":3429199,"deaths":243897,"recovered":1093125,"date":"2020-05-02"},{"confirmed":3508460,"deaths":247573,"recovered":1125427,"date":"2020-05-03"},{"confirmed":3584696,"deaths":251648,"recovered":1162888,"date":"2020-05-04"},{"confirmed":3664453,"deaths":257336,"recovered":1198923,"date":"2020-05-05"},{"confirmed":3757816,"deaths":263933,"recovered":1245614,"date":"2020-05-06"},{"confirmed":3848140,"deaths":269665,"recovered":1284966,"date":"2020-05-07"},{"confirmed":3939785,"deaths":274993,"recovered":1322134,"date":"2020-05-08"},{"confirmed":4025999,"deaths":279397,"recovered":1375645,"date":"2020-05-09"},{"confirmed":4103627,"deaths":282805,"recovered":1409194,"date":"2020-05-10"},{"confirmed":4178918,"deaths":286423,"recovered":1456300,"date":"2020-05-11"},{"confirmed":4263797,"deaths":292065,"recovered":1493520,"date":"2020-05-12"},{"confirmed":4349434,"deaths":297289,"recovered":1548707,"date":"2020-05-13"},{"confirmed":4444142,"deaths":302518,"recovered":1588014,"date":"2020-05-14"},{"confirmed":4544225,"deaths":307769,"recovered":1637267,"date":"2020-05-15"},{"confirmed":4636412,"deaths":311984,"recovered":1693216,"date":"2020-05-16"},{"confirmed":4716300,"deaths":315300,"recovered":1734077,"date":"2020-05-17"},{"confirmed":4804697,"deaths":318602,"recovered":1786962,"date":"2020-05-18"},{"confirmed":4899949,"deaths":323381,"recovered":1839039,"date":"2020-05-19"},{"confirmed":4998483,"deaths":328215,"recovered":1897569,"date":"2020-05-20"},{"confirmed":5104550,"deaths":333014,"recovered":1948789,"date":"2020-05-21"},{"confirmed":5213367,"deaths":338324,"recovered":2056647,"date":"2020-05-22"},{"confirmed":5312910,"deaths":342318,"recovered":2112065,"date":"2020-05-23"},{"confirmed":5409648,"deaths":345158,"recovered":2168525,"date":"2020-05-24"},{"confirmed":5497134,"deaths":346331,"recovered":2231677,"date":"2020-05-25"},{"confirmed":5592355,"deaths":350614,"recovered":2286845,"date":"2020-05-26"},{"confirmed":5694559,"deaths":355720,"recovered":2349926,"date":"2020-05-27"},{"confirmed":5811672,"deaths":360382,"recovered":2415807,"date":"2020-05-28"},{"confirmed":5927177,"deaths":364952,"recovered":2493321,"date":"2020-05-29"},{"confirmed":6062011,"deaths":369212,"recovered":2564484,"date":"2020-05-30"},{"confirmed":6169583,"deaths":372120,"recovered":2641186,"date":"2020-05-31"},{"confirmed":6268528,"deaths":375636,"recovered":2695890,"date":"2020-06-01"},{"confirmed":6389485,"deaths":380466,"recovered":2729402,"date":"2020-06-02"},{"confirmed":6508243,"deaths":386030,"recovered":2804844,"date":"2020-06-03"},{"confirmed":6636330,"deaths":391233,"recovered":2869838,"date":"2020-06-04"},{"confirmed":6773907,"deaths":396201,"recovered":3013036,"date":"2020-06-05"},{"confirmed":6900288,"deaths":400086,"recovered":3085748,"date":"2020-06-06"},{"confirmed":7014084,"deaths":402838,"recovered":3140840,"date":"2020-06-07"},{"confirmed":7122583,"deaths":406648,"recovered":3293363,"date":"2020-06-08"},{"confirmed":7246086,"deaths":411532,"recovered":3375617,"date":"2020-06-09"},{"confirmed":7364685,"deaths":416290,"recovered":3454806,"date":"2020-06-10"},{"confirmed":7518655,"deaths":421545,"recovered":3540679,"date":"2020-06-11"},{"confirmed":7637014,"deaths":425480,"recovered":3613278,"date":"2020-06-12"},{"confirmed":7771259,"deaths":429822,"recovered":3698273,"date":"2020-06-13"},{"confirmed":7905095,"deaths":433157,"recovered":3769715,"date":"2020-06-14"},{"confirmed":8038412,"deaths":436992,"recovered":3857396,"date":"2020-06-15"},{"confirmed":8177950,"deaths":443782,"recovered":3955246,"date":"2020-06-16"},{"confirmed":8354882,"deaths":449061,"recovered":4074072,"date":"2020-06-17"},{"confirmed":8493833,"deaths":454067,"recovered":4155227,"date":"2020-06-18"},{"confirmed":8673287,"deaths":460300,"recovered":4245884,"date":"2020-06-19"},{"confirmed":8796594,"deaths":464548,"recovered":4378395,"date":"2020-06-20"},{"confirmed":8959635,"deaths":468452,"recovered":4447176,"date":"2020-06-21"},{"confirmed":9103378,"deaths":472260,"recovered":4526424,"date":"2020-06-22"},{"confirmed":9268959,"deaths":477670,"recovered":4630464,"date":"2020-06-23"},{"confirmed":9436852,"deaths":482845,"recovered":4746187,"date":"2020-06-24"},{"confirmed":9615753,"deaths":489401,"recovered":4839009,"date":"2020-06-25"},{"confirmed":9807432,"deaths":494277,"recovered":4944916,"date":"2020-06-26"},{"confirmed":9984579,"deaths":498829,"recovered":5051141,"date":"2020-06-27"},{"confirmed":10152964,"deaths":502021,"recovered":5140255,"date":"2020-06-28"},{"confirmed":10307287,"deaths":505643,"recovered":5235182,"date":"2020-06-29"},{"confirmed":10480900,"deaths":511374,"recovered":5352658,"date":"2020-06-30"},{"confirmed":10697853,"deaths":516340,"recovered":5577058,"date":"2020-07-01"},{"confirmed":10876452,"deaths":521435,"recovered":5753439,"date":"2020-07-02"},{"confirmed":11080092,"deaths":526552,"recovered":5863266,"date":"2020-07-03"},{"confirmed":11272651,"deaths":530922,"recovered":6058912,"date":"2020-07-04"},{"confirmed":11456049,"deaths":534449,"recovered":6178389,"date":"2020-07-05"},{"confirmed":11625112,"deaths":538253,"recovered":6302087,"date":"2020-07-06"},{"confirmed":11835142,"deaths":544347,"recovered":6447116,"date":"2020-07-07"},{"confirmed":12049083,"deaths":549681,"recovered":6605131,"date":"2020-07-08"},{"confirmed":12274967,"deaths":555111,"recovered":6739803,"date":"2020-07-09"},{"confirmed":12506313,"deaths":560399,"recovered":6879252,"date":"2020-07-10"},{"confirmed":12725501,"deaths":565343,"recovered":7005020,"date":"2020-07-11"},{"confirmed":12917897,"deaths":569335,"recovered":7116826,"date":"2020-07-12"},{"confirmed":13110712,"deaths":573296,"recovered":7257214,"date":"2020-07-13"},{"confirmed":13331428,"deaths":578937,"recovered":7399363,"date":"2020-07-14"},{"confirmed":13563476,"deaths":584403,"recovered":7559177,"date":"2020-07-15"},{"confirmed":13811778,"deaths":590203,"recovered":7711571,"date":"2020-07-16"},{"confirmed":14062095,"deaths":596796,"recovered":7895046,"date":"2020-07-17"},{"confirmed":14299397,"deaths":602431,"recovered":8045817,"date":"2020-07-18"},{"confirmed":14513627,"deaths":606479,"recovered":8133833,"date":"2020-07-19"},{"confirmed":14714117,"deaths":610226,"recovered":8290733,"date":"2020-07-20"},{"confirmed":14954540,"deaths":616803,"recovered":8467496,"date":"2020-07-21"},{"confirmed":15234588,"deaths":623796,"recovered":8646254,"date":"2020-07-22"},{"confirmed":15517825,"deaths":633762,"recovered":8823649,"date":"2020-07-23"},{"confirmed":15799980,"deaths":640034,"recovered":9051952,"date":"2020-07-24"},{"confirmed":16053359,"deaths":645624,"recovered":9271763,"date":"2020-07-25"},{"confirmed":16259475,"deaths":649058,"recovered":9409693,"date":"2020-07-26"},{"confirmed":16494246,"deaths":654524,"recovered":9586444,"date":"2020-07-27"},{"confirmed":16698518,"deaths":660081,"recovered":9721616,"date":"2020-07-28"},{"confirmed":17038300,"deaths":667481,"recovered":9959504,"date":"2020-07-29"},{"confirmed":17319021,"deaths":673692,"recovered":10173018,"date":"2020-07-30"},{"confirmed":17609873,"deaths":680020,"recovered":10372622,"date":"2020-07-31"},{"confirmed":17859180,"deaths":685567,"recovered":10556520,"date":"2020-08-01"},{"confirmed":18090785,"deaths":689882,"recovered":10695236,"date":"2020-08-02"},{"confirmed":18298539,"deaths":694569,"recovered":10917682,"date":"2020-08-03"},{"confirmed":18556515,"deaths":701272,"recovered":11138909,"date":"2020-08-04"},{"confirmed":18832035,"deaths":708350,"recovered":11360601,"date":"2020-08-05"},{"confirmed":19117706,"deaths":715450,"recovered":11549409,"date":"2020-08-06"},{"confirmed":19399822,"deaths":721832,"recovered":11741455,"date":"2020-08-07"},{"confirmed":19659168,"deaths":727294,"recovered":11941708,"date":"2020-08-08"},{"confirmed":19885137,"deaths":731878,"recovered":12120455,"date":"2020-08-09"},{"confirmed":20112403,"deaths":737073,"recovered":12284645,"date":"2020-08-10"},{"confirmed":20368464,"deaths":743289,"recovered":12589712,"date":"2020-08-11"},{"confirmed":20655583,"deaths":750247,"recovered":12831223,"date":"2020-08-12"},{"confirmed":20934611,"deaths":756228,"recovered":12994263,"date":"2020-08-13"},{"confirmed":21237453,"deaths":766350,"recovered":13277494,"date":"2020-08-14"},{"confirmed":21488127,"deaths":771734,"recovered":13446105,"date":"2020-08-15"},{"confirmed":21703865,"deaths":775942,"recovered":13679055,"date":"2020-08-16"},{"confirmed":21911532,"deaths":774748,"recovered":13890066,"date":"2020-08-17"},{"confirmed":22169810,"deaths":781628,"recovered":14117685,"date":"2020-08-18"},{"confirmed":22448674,"deaths":788356,"recovered":14335684,"date":"2020-08-19"},{"confirmed":22721184,"deaths":794406,"recovered":14543477,"date":"2020-08-20"},{"confirmed":22982976,"deaths":799848,"recovered":14711974,"date":"2020-08-21"},{"confirmed":23236924,"deaths":805014,"recovered":14911044,"date":"2020-08-22"},{"confirmed":23454499,"deaths":809274,"recovered":15138020,"date":"2020-08-23"},{"confirmed":23680837,"deaths":813756,"recovered":15337430,"date":"2020-08-24"},{"confirmed":23924504,"deaths":820022,"recovered":15568917,"date":"2020-08-25"},{"confirmed":24206802,"deaths":826301,"recovered":15794554,"date":"2020-08-26"},{"confirmed":24487530,"deaths":832199,"recovered":16003055,"date":"2020-08-27"},{"confirmed":24771878,"deaths":837726,"recovered":16202639,"date":"2020-08-28"},{"confirmed":25037390,"deaths":843046,"recovered":16414024,"date":"2020-08-29"},{"confirmed":25258627,"deaths":847076,"recovered":16624229,"date":"2020-08-30"},{"confirmed":25523555,"deaths":851173,"recovered":16825009,"date":"2020-08-31"},{"confirmed":25789159,"deaths":857613,"recovered":17080246,"date":"2020-09-01"},{"confirmed":26071846,"deaths":863697,"recovered":17298333,"date":"2020-09-02"},{"confirmed":26345596,"deaths":869404,"recovered":17519688,"date":"2020-09-03"},{"confirmed":26651468,"deaths":875005,"recovered":17724121,"date":"2020-09-04"},{"confirmed":26922063,"deaths":879964,"recovered":17924648,"date":"2020-09-05"},{"confirmed":27161508,"deaths":884019,"recovered":18145964,"date":"2020-09-06"},{"confirmed":27374607,"deaths":893170,"recovered":18332435,"date":"2020-09-07"},{"confirmed":27613767,"deaths":898078,"recovered":18532081,"date":"2020-09-08"},{"confirmed":27906945,"deaths":904409,"recovered":18784793,"date":"2020-09-09"},{"confirmed":28206188,"deaths":910216,"recovered":19001419,"date":"2020-09-10"},{"confirmed":28527047,"deaths":916086,"recovered":19225075,"date":"2020-09-11"},{"confirmed":28814284,"deaths":920995,"recovered":19448006,"date":"2020-09-12"},{"confirmed":29056934,"deaths":924662,"recovered":19635840,"date":"2020-09-13"},{"confirmed":29236906,"deaths":928020,"recovered":19785014,"date":"2020-09-14"},{"confirmed":29606029,"deaths":935598,"recovered":20088998,"date":"2020-09-15"},{"confirmed":29909461,"deaths":941405,"recovered":20318480,"date":"2020-09-16"},{"confirmed":30224542,"deaths":946872,"recovered":20538668,"date":"2020-09-17"},{"confirmed":30550532,"deaths":952561,"recovered":20789808,"date":"2020-09-18"},{"confirmed":30843461,"deaths":957818,"recovered":21026787,"date":"2020-09-19"},{"confirmed":31096598,"deaths":961534,"recovered":21263835,"date":"2020-09-20"},{"confirmed":31372473,"deaths":965634,"recovered":21509279,"date":"2020-09-21"},{"confirmed":31657078,"deaths":971635,"recovered":21727172,"date":"2020-09-22"},{"confirmed":31931447,"deaths":977223,"recovered":21990587,"date":"2020-09-23"},{"confirmed":32284649,"deaths":983893,"recovered":22246230,"date":"2020-09-24"},{"confirmed":32620165,"deaths":989782,"recovered":22485447,"date":"2020-09-25"},{"confirmed":32909238,"deaths":995111,"recovered":22747597,"date":"2020-09-26"},{"confirmed":33164275,"deaths":998761,"recovered":22961453,"date":"2020-09-27"},{"confirmed":33416707,"deaths":1002699,"recovered":23183971,"date":"2020-09-28"},{"confirmed":33699699,"deaths":1008661,"recovered":23424013,"date":"2020-09-29"},{"confirmed":34025186,"deaths":1015108,"recovered":23672212,"date":"2020-09-30"},{"confirmed":34337817,"deaths":1023662,"recovered":23885518,"date":"2020-10-01"},{"confirmed":34643248,"deaths":1028804,"recovered":24066062,"date":"2020-10-02"},{"confirmed":34961700,"deaths":1034181,"recovered":24321674,"date":"2020-10-03"},{"confirmed":35237636,"deaths":1037991,"recovered":24543805,"date":"2020-10-04"},{"confirmed":35534146,"deaths":1044908,"recovered":24781240,"date":"2020-10-05"},{"confirmed":35865111,"deaths":1050700,"recovered":25012360,"date":"2020-10-06"},{"confirmed":36214776,"deaths":1056519,"recovered":25267553,"date":"2020-10-07"},{"confirmed":36576108,"deaths":1062718,"recovered":25487126,"date":"2020-10-08"},{"confirmed":36937014,"deaths":1068913,"recovered":25693993,"date":"2020-10-09"},{"confirmed":37294309,"deaths":1073763,"recovered":25889419,"date":"2020-10-10"},{"confirmed":37581572,"deaths":1077722,"recovered":26112043,"date":"2020-10-11"},{"confirmed":37873355,"deaths":1081654,"recovered":26312311,"date":"2020-10-12"},{"confirmed":38192692,"deaths":1086940,"recovered":26501524,"date":"2020-10-13"},{"confirmed":38574718,"deaths":1093004,"recovered":26713830,"date":"2020-10-14"},{"confirmed":38981739,"deaths":1099089,"recovered":26920697,"date":"2020-10-15"},{"confirmed":39393407,"deaths":1105217,"recovered":27123688,"date":"2020-10-16"},{"confirmed":39766073,"deaths":1110769,"recovered":27322006,"date":"2020-10-17"},{"confirmed":40083005,"deaths":1114234,"recovered":27523415,"date":"2020-10-18"},{"confirmed":40470022,"deaths":1119024,"recovered":27725823,"date":"2020-10-19"},{"confirmed":40859294,"deaths":1125577,"recovered":27933992,"date":"2020-10-20"},{"confirmed":41303329,"deaths":1132249,"recovered":28145453,"date":"2020-10-21"},{"confirmed":41776037,"deaths":1138123,"recovered":28372239,"date":"2020-10-22"},{"confirmed":42281994,"deaths":1145100,"recovered":28579067,"date":"2020-10-23"},{"confirmed":42737294,"deaths":1150870,"recovered":28790633,"date":"2020-10-24"},{"confirmed":43136794,"deaths":1154956,"recovered":28988671,"date":"2020-10-25"},{"confirmed":43577947,"deaths":1160417,"recovered":29226927,"date":"2020-10-26"},{"confirmed":44048917,"deaths":1167783,"recovered":29816649,"date":"2020-10-27"},{"confirmed":44566959,"deaths":1174960,"recovered":30079298,"date":"2020-10-28"},{"confirmed":45105396,"deaths":1181987,"recovered":30325955,"date":"2020-10-29"},{"confirmed":45671353,"deaths":1189814,"recovered":29718143,"date":"2020-10-30"},{"confirmed":46157659,"deaths":1196376,"recovered":30847553,"date":"2020-10-31"},{"confirmed":46627776,"deaths":1201341,"recovered":31105308,"date":"2020-11-01"},{"confirmed":47131180,"deaths":1207061,"recovered":31385632,"date":"2020-11-02"},{"confirmed":47648785,"deaths":1216024,"recovered":31637087,"date":"2020-11-03"},{"confirmed":48247067,"deaths":1226681,"recovered":31916319,"date":"2020-11-04"},{"confirmed":48843345,"deaths":1234703,"recovered":32219865,"date":"2020-11-05"},{"confirmed":49488011,"deaths":1244341,"recovered":32508227,"date":"2020-11-06"},{"confirmed":50086310,"deaths":1251910,"recovered":32807319,"date":"2020-11-07"},{"confirmed":50567264,"deaths":1257668,"recovered":33060197,"date":"2020-11-08"},{"confirmed":51036261,"deaths":1264784,"recovered":33316917,"date":"2020-11-09"},{"confirmed":51599378,"deaths":1274819,"recovered":33573921,"date":"2020-11-10"},{"confirmed":52248174,"deaths":1285276,"recovered":33954283,"date":"2020-11-11"},{"confirmed":52896480,"deaths":1295179,"recovered":34179713,"date":"2020-11-12"},{"confirmed":53547654,"deaths":1304742,"recovered":34481758,"date":"2020-11-13"},{"confirmed":54143879,"deaths":1313746,"recovered":34759832,"date":"2020-11-14"},{"confirmed":54618013,"deaths":1320025,"recovered":34989529,"date":"2020-11-15"},{"confirmed":55148817,"deaths":1327862,"recovered":35378240,"date":"2020-11-16"},{"confirmed":55759549,"deaths":1338962,"recovered":35812932,"date":"2020-11-17"},{"confirmed":56385973,"deaths":1350273,"recovered":36176079,"date":"2020-11-18"},{"confirmed":57038215,"deaths":1361226,"recovered":36549166,"date":"2020-11-19"},{"confirmed":57705849,"deaths":1373051,"recovered":36904541,"date":"2020-11-20"},{"confirmed":58295356,"deaths":1381858,"recovered":37243760,"date":"2020-11-21"},{"confirmed":58783764,"deaths":1388916,"recovered":37516157,"date":"2020-11-22"},{"confirmed":59304007,"deaths":1397239,"recovered":37926204,"date":"2020-11-23"},{"confirmed":59893684,"deaths":1409993,"recovered":38297736,"date":"2020-11-24"},{"confirmed":60530377,"deaths":1422053,"recovered":38734713,"date":"2020-11-25"},{"confirmed":61115223,"deaths":1432799,"recovered":39099936,"date":"2020-11-26"},{"confirmed":61799129,"deaths":1444078,"recovered":39481693,"date":"2020-11-27"},{"confirmed":62386425,"deaths":1453216,"recovered":39841533,"date":"2020-11-28"},{"confirmed":62875451,"deaths":1460166,"recovered":40157958,"date":"2020-11-29"},{"confirmed":63379818,"deaths":1468840,"recovered":40559345,"date":"2020-11-30"},{"confirmed":63989506,"deaths":1481667,"recovered":41034926,"date":"2020-12-01"},{"confirmed":64637746,"deaths":1494074,"recovered":41496310,"date":"2020-12-02"},{"confirmed":65330783,"deaths":1506556,"recovered":41932083,"date":"2020-12-03"},{"confirmed":66012046,"deaths":1518951,"recovered":42422703,"date":"2020-12-04"},{"confirmed":66655652,"deaths":1529146,"recovered":42860561,"date":"2020-12-05"},{"confirmed":67195898,"deaths":1536348,"recovered":43174509,"date":"2020-12-06"},{"confirmed":67710886,"deaths":1544847,"recovered":43586141,"date":"2020-12-07"},{"confirmed":68349705,"deaths":1557121,"recovered":44026864,"date":"2020-12-08"},{"confirmed":69019562,"deaths":1569602,"recovered":44452819,"date":"2020-12-09"},{"confirmed":70514553,"deaths":1582226,"recovered":44942050,"date":"2020-12-10"},{"confirmed":71214071,"deaths":1595117,"recovered":45420612,"date":"2020-12-11"},{"confirmed":71837776,"deaths":1605337,"recovered":46927624,"date":"2020-12-12"},{"confirmed":72386761,"deaths":1612724,"recovered":47320022,"date":"2020-12-13"},{"confirmed":72912199,"deaths":1621696,"recovered":47727382,"date":"2020-12-14"},{"confirmed":73537713,"deaths":1635661,"recovered":41686372,"date":"2020-12-15"},{"confirmed":74272015,"deaths":1649210,"recovered":42048017,"date":"2020-12-16"},{"confirmed":75009181,"deaths":1662446,"recovered":42420687,"date":"2020-12-17"},{"confirmed":75727329,"deaths":1675076,"recovered":42738659,"date":"2020-12-18"},{"confirmed":76343362,"deaths":1685732,"recovered":43093742,"date":"2020-12-19"},{"confirmed":76878205,"deaths":1693412,"recovered":43367172,"date":"2020-12-20"},{"confirmed":77422372,"deaths":1702804,"recovered":43707973,"date":"2020-12-21"},{"confirmed":78069698,"deaths":1717260,"recovered":44069203,"date":"2020-12-22"},{"confirmed":78762667,"deaths":1730837,"recovered":44393791,"date":"2020-12-23"},{"confirmed":79433051,"deaths":1742462,"recovered":44711767,"date":"2020-12-24"},{"confirmed":79900957,"deaths":1750783,"recovered":45002559,"date":"2020-12-25"},{"confirmed":80414242,"deaths":1757881,"recovered":45410291,"date":"2020-12-26"},{"confirmed":80853874,"deaths":1765119,"recovered":45698074,"date":"2020-12-27"},{"confirmed":81342586,"deaths":1774557,"recovered":45994197,"date":"2020-12-28"},{"confirmed":82004651,"deaths":1790069,"recovered":46348935,"date":"2020-12-29"},{"confirmed":82764036,"deaths":1805149,"recovered":46731540,"date":"2020-12-30"},{"confirmed":83482639,"deaths":1818247,"recovered":47010049,"date":"2020-12-31"},{"confirmed":84019364,"deaths":1827655,"recovered":47289078,"date":"2021-01-01"},{"confirmed":84647530,"deaths":1835901,"recovered":47595212,"date":"2021-01-02"},{"confirmed":85182122,"deaths":1843211,"recovered":47860306,"date":"2021-01-03"},{"confirmed":85728246,"deaths":1853364,"recovered":48148226,"date":"2021-01-04"},{"confirmed":86464253,"deaths":1868790,"recovered":48464481,"date":"2021-01-05"},{"confirmed":87242203,"deaths":1883772,"recovered":48777336,"date":"2021-01-06"},{"confirmed":88104270,"deaths":1898648,"recovered":49098418,"date":"2021-01-07"},{"confirmed":88925992,"deaths":1913915,"recovered":49396101,"date":"2021-01-08"},{"confirmed":89690958,"deaths":1926638,"recovered":49729445,"date":"2021-01-09"},{"confirmed":90281904,"deaths":1934805,"recovered":49997720,"date":"2021-01-10"},{"confirmed":90899901,"deaths":1945033,"recovered":50285515,"date":"2021-01-11"},{"confirmed":91603910,"deaths":1962354,"recovered":50629426,"date":"2021-01-12"},{"confirmed":92353551,"deaths":1978725,"recovered":50994811,"date":"2021-01-13"},{"confirmed":92452684,"deaths":1980885,"recovered":51101250,"date":"2021-01-14"}]