[{"confirmed":1,"deaths":0,"recovered":0,"date":"2020-01-22"},{"confirmed":1,"deaths":0,"recovered":0,"date":"2020-01-23"},{"confirmed":2,"deaths":0,"recovered":0,"date":"2020-01-24"},{"confirmed":2,"deaths":0,"recovered":0,"date":"2020-01-25"},{"confirmed":5,"deaths":0,"recovered":0,"date":"2020-01-26"},{"confirmed":5,"deaths":0,"recovered":0,"date":"2020-01-27"},{"confirmed":5,"deaths":0,"recovered":0,"date":"2020-01-28"},{"confirmed":5,"deaths":0,"recovered":0,"date":"2020-01-29"},{"confirmed":5,"deaths":0,"recovered":0,"date":"2020-01-30"},{"confirmed":6,"deaths":0,"recovered":0,"date":"2020-01-31"},{"confirmed":8,"deaths":0,"recovered":0,"date":"2020-02-01"},{"confirmed":8,"deaths":0,"recovered":0,"date":"2020-02-02"},{"confirmed":11,"deaths":0,"recovered":0,"date":"2020-02-03"},{"confirmed":11,"deaths":0,"recovered":0,"date":"2020-02-04"},{"confirmed":12,"deaths":0,"recovered":0,"date":"2020-02-05"},{"confirmed":12,"deaths":0,"recovered":0,"date":"2020-02-06"},{"confirmed":12,"deaths":0,"recovered":0,"date":"2020-02-07"},{"confirmed":12,"deaths":0,"recovered":0,"date":"2020-02-08"},{"confirmed":12,"deaths":0,"recovered":3,"date":"2020-02-09"},{"confirmed":12,"deaths":0,"recovered":3,"date":"2020-02-10"},{"confirmed":13,"deaths":0,"recovered":3,"date":"2020-02-11"},{"confirmed":13,"deaths":0,"recovered":3,"date":"2020-02-12"},{"confirmed":15,"deaths":0,"recovered":3,"date":"2020-02-13"},{"confirmed":15,"deaths":0,"recovered":3,"date":"2020-02-14"},{"confirmed":15,"deaths":0,"recovered":3,"date":"2020-02-15"},{"confirmed":15,"deaths":0,"recovered":3,"date":"2020-02-16"},{"confirmed":15,"deaths":0,"recovered":3,"date":"2020-02-17"},{"confirmed":15,"deaths":0,"recovered":3,"date":"2020-02-18"},{"confirmed":15,"deaths":0,"recovered":3,"date":"2020-02-19"},{"confirmed":15,"deaths":0,"recovered":3,"date":"2020-02-20"},{"confirmed":35,"deaths":0,"recovered":5,"date":"2020-02-21"},{"confirmed":35,"deaths":0,"recovered":5,"date":"2020-02-22"},{"confirmed":35,"deaths":0,"recovered":5,"date":"2020-02-23"},{"confirmed":17,"deaths":0,"recovered":5,"date":"2020-02-24"},{"confirmed":17,"deaths":0,"recovered":6,"date":"2020-02-25"},{"confirmed":17,"deaths":0,"recovered":6,"date":"2020-02-26"},{"confirmed":18,"deaths":0,"recovered":6,"date":"2020-02-27"},{"confirmed":18,"deaths":0,"recovered":7,"date":"2020-02-28"},{"confirmed":26,"deaths":1,"recovered":7,"date":"2020-02-29"},{"confirmed":32,"deaths":1,"recovered":7,"date":"2020-03-01"},{"confirmed":56,"deaths":6,"recovered":7,"date":"2020-03-02"},{"confirmed":77,"deaths":7,"recovered":8,"date":"2020-03-03"},{"confirmed":108,"deaths":11,"recovered":8,"date":"2020-03-04"},{"confirmed":176,"deaths":12,"recovered":8,"date":"2020-03-05"},{"confirmed":233,"deaths":14,"recovered":8,"date":"2020-03-06"},{"confirmed":351,"deaths":17,"recovered":8,"date":"2020-03-07"},{"confirmed":471,"deaths":21,"recovered":8,"date":"2020-03-08"},{"confirmed":539,"deaths":22,"recovered":8,"date":"2020-03-09"},{"confirmed":892,"deaths":28,"recovered":8,"date":"2020-03-10"},{"confirmed":1214,"deaths":36,"recovered":8,"date":"2020-03-11"},{"confirmed":1596,"deaths":40,"recovered":12,"date":"2020-03-12"},{"confirmed":2112,"deaths":47,"recovered":12,"date":"2020-03-13"},{"confirmed":2655,"deaths":54,"recovered":12,"date":"2020-03-14"},{"confirmed":3423,"deaths":63,"recovered":12,"date":"2020-03-15"},{"confirmed":4556,"deaths":85,"recovered":17,"date":"2020-03-16"},{"confirmed":6343,"deaths":108,"recovered":17,"date":"2020-03-17"},{"confirmed":7703,"deaths":118,"recovered":0,"date":"2020-03-18"},{"confirmed":13588,"deaths":200,"recovered":0,"date":"2020-03-19"},{"confirmed":18997,"deaths":244,"recovered":0,"date":"2020-03-20"},{"confirmed":25399,"deaths":306,"recovered":0,"date":"2020-03-21"},{"confirmed":33732,"deaths":424,"recovered":0,"date":"2020-03-22"},{"confirmed":43553,"deaths":548,"recovered":0,"date":"2020-03-23"},{"confirmed":53640,"deaths":702,"recovered":0,"date":"2020-03-24"},{"confirmed":65706,"deaths":938,"recovered":0,"date":"2020-03-25"},{"confirmed":83690,"deaths":1205,"recovered":0,"date":"2020-03-26"},{"confirmed":101528,"deaths":1574,"recovered":0,"date":"2020-03-27"},{"confirmed":121243,"deaths":2019,"recovered":0,"date":"2020-03-28"},{"confirmed":140606,"deaths":2461,"recovered":0,"date":"2020-03-29"},{"confirmed":161545,"deaths":2969,"recovered":0,"date":"2020-03-30"},{"confirmed":187756,"deaths":3862,"recovered":0,"date":"2020-03-31"},{"confirmed":212886,"deaths":4829,"recovered":0,"date":"2020-04-01"},{"confirmed":243066,"deaths":5988,"recovered":0,"date":"2020-04-02"},{"confirmed":275121,"deaths":7158,"recovered":0,"date":"2020-04-03"},{"confirmed":308249,"deaths":8479,"recovered":0,"date":"2020-04-04"},{"confirmed":336457,"deaths":9702,"recovered":0,"date":"2020-04-05"},{"confirmed":366030,"deaths":10845,"recovered":0,"date":"2020-04-06"},{"confirmed":395536,"deaths":12791,"recovered":0,"date":"2020-04-07"},{"confirmed":428470,"deaths":14751,"recovered":0,"date":"2020-04-08"},{"confirmed":460737,"deaths":16500,"recovered":0,"date":"2020-04-09"},{"confirmed":495754,"deaths":18609,"recovered":0,"date":"2020-04-10"},{"confirmed":525512,"deaths":20480,"recovered":0,"date":"2020-04-11"},{"confirmed":554276,"deaths":22053,"recovered":0,"date":"2020-04-12"},{"confirmed":579558,"deaths":23575,"recovered":0,"date":"2020-04-13"},{"confirmed":606570,"deaths":25876,"recovered":0,"date":"2020-04-14"},{"confirmed":635394,"deaths":28356,"recovered":0,"date":"2020-04-15"},{"confirmed":666636,"deaths":32929,"recovered":0,"date":"2020-04-16"},{"confirmed":698348,"deaths":36782,"recovered":0,"date":"2020-04-17"},{"confirmed":730820,"deaths":38673,"recovered":0,"date":"2020-04-18"},{"confirmed":757630,"deaths":40674,"recovered":0,"date":"2020-04-19"},{"confirmed":782899,"deaths":42122,"recovered":0,"date":"2020-04-20"},{"confirmed":810510,"deaths":44472,"recovered":0,"date":"2020-04-21"},{"confirmed":838967,"deaths":46637,"recovered":0,"date":"2020-04-22"},{"confirmed":867609,"deaths":49949,"recovered":0,"date":"2020-04-23"},{"confirmed":903892,"deaths":51938,"recovered":0,"date":"2020-04-24"},{"confirmed":936867,"deaths":53741,"recovered":0,"date":"2020-04-25"},{"confirmed":964186,"deaths":54881,"recovered":0,"date":"2020-04-26"},{"confirmed":986663,"deaths":56258,"recovered":0,"date":"2020-04-27"},{"confirmed":1011037,"deaths":58334,"recovered":0,"date":"2020-04-28"},{"confirmed":1038464,"deaths":60943,"recovered":0,"date":"2020-04-29"},{"confirmed":1067770,"deaths":62947,"recovered":0,"date":"2020-04-30"},{"confirmed":1101946,"deaths":64903,"recovered":0,"date":"2020-05-01"},{"confirmed":1130721,"deaths":66346,"recovered":0,"date":"2020-05-02"},{"confirmed":1156088,"deaths":67673,"recovered":0,"date":"2020-05-03"},{"confirmed":1178379,"deaths":68919,"recovered":0,"date":"2020-05-04"},{"confirmed":1202393,"deaths":71046,"recovered":0,"date":"2020-05-05"},{"confirmed":1226666,"deaths":73418,"recovered":0,"date":"2020-05-06"},{"confirmed":1254933,"deaths":75641,"recovered":0,"date":"2020-05-07"},{"confirmed":1281782,"deaths":77151,"recovered":0,"date":"2020-05-08"},{"confirmed":1307698,"deaths":78755,"recovered":0,"date":"2020-05-09"},{"confirmed":1327385,"deaths":79494,"recovered":0,"date":"2020-05-10"},{"confirmed":1345561,"deaths":80645,"recovered":0,"date":"2020-05-11"},{"confirmed":1367682,"deaths":82344,"recovered":0,"date":"2020-05-12"},{"confirmed":1388356,"deaths":84076,"recovered":0,"date":"2020-05-13"},{"confirmed":1415366,"deaths":85860,"recovered":0,"date":"2020-05-14"},{"confirmed":1440319,"deaths":87493,"recovered":0,"date":"2020-05-15"},{"confirmed":1465331,"deaths":88718,"recovered":0,"date":"2020-05-16"},{"confirmed":1484464,"deaths":89532,"recovered":0,"date":"2020-05-17"},{"confirmed":1505938,"deaths":90326,"recovered":0,"date":"2020-05-18"},{"confirmed":1526181,"deaths":91875,"recovered":0,"date":"2020-05-19"},{"confirmed":1549237,"deaths":93394,"recovered":0,"date":"2020-05-20"},{"confirmed":1574570,"deaths":94647,"recovered":0,"date":"2020-05-21"},{"confirmed":1598300,"deaths":95924,"recovered":0,"date":"2020-05-22"},{"confirmed":1619714,"deaths":97045,"recovered":0,"date":"2020-05-23"},{"confirmed":1640194,"deaths":97670,"recovered":0,"date":"2020-05-24"},{"confirmed":1659245,"deaths":98169,"recovered":0,"date":"2020-05-25"},{"confirmed":1677945,"deaths":98861,"recovered":0,"date":"2020-05-26"},{"confirmed":1696187,"deaths":100359,"recovered":0,"date":"2020-05-27"},{"confirmed":1718616,"deaths":101539,"recovered":0,"date":"2020-05-28"},{"confirmed":1742863,"deaths":102743,"recovered":0,"date":"2020-05-29"},{"confirmed":1767060,"deaths":103710,"recovered":0,"date":"2020-05-30"},{"confirmed":1786650,"deaths":104312,"recovered":0,"date":"2020-05-31"},{"confirmed":1807366,"deaths":105084,"recovered":0,"date":"2020-06-01"},{"confirmed":1828425,"deaths":106104,"recovered":0,"date":"2020-06-02"},{"confirmed":1848093,"deaths":107083,"recovered":0,"date":"2020-06-03"},{"confirmed":1868863,"deaths":108132,"recovered":0,"date":"2020-06-04"},{"confirmed":1899085,"deaths":109276,"recovered":0,"date":"2020-06-05"},{"confirmed":1921676,"deaths":109991,"recovered":0,"date":"2020-06-06"},{"confirmed":1939824,"deaths":110442,"recovered":0,"date":"2020-06-07"},{"confirmed":1957316,"deaths":110952,"recovered":0,"date":"2020-06-08"},{"confirmed":1975253,"deaths":111920,"recovered":5,"date":"2020-06-09"},{"confirmed":1996610,"deaths":112848,"recovered":0,"date":"2020-06-10"},{"confirmed":2019279,"deaths":113742,"recovered":0,"date":"2020-06-11"},{"confirmed":2044739,"deaths":114588,"recovered":0,"date":"2020-06-12"},{"confirmed":2070277,"deaths":115354,"recovered":0,"date":"2020-06-13"},{"confirmed":2089516,"deaths":115651,"recovered":0,"date":"2020-06-14"},{"confirmed":2109140,"deaths":116051,"recovered":0,"date":"2020-06-15"},{"confirmed":2132524,"deaths":116887,"recovered":0,"date":"2020-06-16"},{"confirmed":2158937,"deaths":117650,"recovered":0,"date":"2020-06-17"},{"confirmed":2186344,"deaths":118351,"recovered":0,"date":"2020-06-18"},{"confirmed":2217936,"deaths":119039,"recovered":0,"date":"2020-06-19"},{"confirmed":2250136,"deaths":119631,"recovered":0,"date":"2020-06-20"},{"confirmed":2275464,"deaths":119893,"recovered":0,"date":"2020-06-21"},{"confirmed":2307278,"deaths":120324,"recovered":0,"date":"2020-06-22"},{"confirmed":2342430,"deaths":121149,"recovered":0,"date":"2020-06-23"},{"confirmed":2377391,"deaths":121902,"recovered":0,"date":"2020-06-24"},{"confirmed":2417379,"deaths":124326,"recovered":0,"date":"2020-06-25"},{"confirmed":2462769,"deaths":124964,"recovered":0,"date":"2020-06-26"},{"confirmed":2504181,"deaths":125471,"recovered":0,"date":"2020-06-27"},{"confirmed":2544668,"deaths":125748,"recovered":0,"date":"2020-06-28"},{"confirmed":2585549,"deaths":126096,"recovered":0,"date":"2020-06-29"},{"confirmed":2630139,"deaths":127357,"recovered":0,"date":"2020-06-30"},{"confirmed":2681098,"deaths":128009,"recovered":0,"date":"2020-07-01"},{"confirmed":2735807,"deaths":128700,"recovered":0,"date":"2020-07-02"},{"confirmed":2788613,"deaths":129396,"recovered":0,"date":"2020-07-03"},{"confirmed":2833843,"deaths":129663,"recovered":0,"date":"2020-07-04"},{"confirmed":2883859,"deaths":129948,"recovered":0,"date":"2020-07-05"},{"confirmed":2929298,"deaths":130291,"recovered":0,"date":"2020-07-06"},{"confirmed":2989812,"deaths":131478,"recovered":0,"date":"2020-07-07"},{"confirmed":3049621,"deaths":132290,"recovered":0,"date":"2020-07-08"},{"confirmed":3112156,"deaths":133284,"recovered":0,"date":"2020-07-09"},{"confirmed":3179871,"deaths":134087,"recovered":0,"date":"2020-07-10"},{"confirmed":3240502,"deaths":134774,"recovered":0,"date":"2020-07-11"},{"confirmed":3299116,"deaths":135205,"recovered":0,"date":"2020-07-12"},{"confirmed":3357025,"deaths":135627,"recovered":0,"date":"2020-07-13"},{"confirmed":3425588,"deaths":136532,"recovered":0,"date":"2020-07-14"},{"confirmed":3493347,"deaths":137475,"recovered":0,"date":"2020-07-15"},{"confirmed":3568834,"deaths":138436,"recovered":0,"date":"2020-07-16"},{"confirmed":3639953,"deaths":139324,"recovered":0,"date":"2020-07-17"},{"confirmed":3703283,"deaths":140183,"recovered":0,"date":"2020-07-18"},{"confirmed":3764085,"deaths":140615,"recovered":0,"date":"2020-07-19"},{"confirmed":3825106,"deaths":141015,"recovered":0,"date":"2020-07-20"},{"confirmed":3889939,"deaths":142120,"recovered":0,"date":"2020-07-21"},{"confirmed":3960322,"deaths":143307,"recovered":0,"date":"2020-07-22"},{"confirmed":4028439,"deaths":144426,"recovered":0,"date":"2020-07-23"},{"confirmed":4102324,"deaths":145679,"recovered":0,"date":"2020-07-24"},{"confirmed":4166036,"deaths":146571,"recovered":0,"date":"2020-07-25"},{"confirmed":4221912,"deaths":147093,"recovered":0,"date":"2020-07-26"},{"confirmed":4277921,"deaths":148222,"recovered":0,"date":"2020-07-27"},{"confirmed":4344126,"deaths":149507,"recovered":0,"date":"2020-07-28"},{"confirmed":4415400,"deaths":150894,"recovered":0,"date":"2020-07-29"},{"confirmed":4482946,"deaths":152244,"recovered":0,"date":"2020-07-30"},{"confirmed":4551326,"deaths":153519,"recovered":0,"date":"2020-07-31"},{"confirmed":4607622,"deaths":154633,"recovered":0,"date":"2020-08-01"},{"confirmed":4653375,"deaths":155050,"recovered":0,"date":"2020-08-02"},{"confirmed":4699363,"deaths":155624,"recovered":0,"date":"2020-08-03"},{"confirmed":4757800,"deaths":157000,"recovered":0,"date":"2020-08-04"},{"confirmed":4810917,"deaths":158402,"recovered":0,"date":"2020-08-05"},{"confirmed":4870429,"deaths":160219,"recovered":0,"date":"2020-08-06"},{"confirmed":4928780,"deaths":161452,"recovered":0,"date":"2020-08-07"},{"confirmed":4983266,"deaths":162509,"recovered":0,"date":"2020-08-08"},{"confirmed":5029671,"deaths":163040,"recovered":0,"date":"2020-08-09"},{"confirmed":5077447,"deaths":163587,"recovered":0,"date":"2020-08-10"},{"confirmed":5124105,"deaths":164617,"recovered":0,"date":"2020-08-11"},{"confirmed":5179768,"deaths":166121,"recovered":0,"date":"2020-08-12"},{"confirmed":5231194,"deaths":167178,"recovered":0,"date":"2020-08-13"},{"confirmed":5296251,"deaths":168502,"recovered":0,"date":"2020-08-14"},{"confirmed":5343245,"deaths":169519,"recovered":0,"date":"2020-08-15"},{"confirmed":5383415,"deaths":170086,"recovered":0,"date":"2020-08-16"},{"confirmed":5418628,"deaths":170541,"recovered":0,"date":"2020-08-17"},{"confirmed":5462807,"deaths":171828,"recovered":0,"date":"2020-08-18"},{"confirmed":5509296,"deaths":173159,"recovered":0,"date":"2020-08-19"},{"confirmed":5552856,"deaths":174228,"recovered":0,"date":"2020-08-20"},{"confirmed":5601531,"deaths":175316,"recovered":0,"date":"2020-08-21"},{"confirmed":5644809,"deaths":176280,"recovered":0,"date":"2020-08-22"},{"confirmed":5679059,"deaths":176724,"recovered":0,"date":"2020-08-23"},{"confirmed":5715336,"deaths":177182,"recovered":0,"date":"2020-08-24"},{"confirmed":5755199,"deaths":178395,"recovered":0,"date":"2020-08-25"},{"confirmed":5798915,"deaths":179602,"recovered":0,"date":"2020-08-26"},{"confirmed":5843702,"deaths":180706,"recovered":0,"date":"2020-08-27"},{"confirmed":5890367,"deaths":181658,"recovered":0,"date":"2020-08-28"},{"confirmed":5934041,"deaths":182552,"recovered":0,"date":"2020-08-29"},{"confirmed":5968363,"deaths":182983,"recovered":0,"date":"2020-08-30"},{"confirmed":6005399,"deaths":183457,"recovered":0,"date":"2020-08-31"},{"confirmed":6047664,"deaths":184504,"recovered":0,"date":"2020-09-01"},{"confirmed":6087209,"deaths":185546,"recovered":0,"date":"2020-09-02"},{"confirmed":6123472,"deaths":186600,"recovered":0,"date":"2020-09-03"},{"confirmed":6174087,"deaths":187550,"recovered":0,"date":"2020-09-04"},{"confirmed":6217422,"deaths":188326,"recovered":0,"date":"2020-09-05"},{"confirmed":6249096,"deaths":188719,"recovered":0,"date":"2020-09-06"},{"confirmed":6272375,"deaths":188996,"recovered":0,"date":"2020-09-07"},{"confirmed":6299244,"deaths":189438,"recovered":0,"date":"2020-09-08"},{"confirmed":6333611,"deaths":190602,"recovered":0,"date":"2020-09-09"},{"confirmed":6368156,"deaths":191505,"recovered":0,"date":"2020-09-10"},{"confirmed":6415149,"deaths":192686,"recovered":0,"date":"2020-09-11"},{"confirmed":6456336,"deaths":193395,"recovered":0,"date":"2020-09-12"},{"confirmed":6490265,"deaths":193781,"recovered":0,"date":"2020-09-13"},{"confirmed":6524312,"deaths":194187,"recovered":0,"date":"2020-09-14"},{"confirmed":6563176,"deaths":195466,"recovered":0,"date":"2020-09-15"},{"confirmed":6600937,"deaths":196434,"recovered":0,"date":"2020-09-16"},{"confirmed":6645656,"deaths":197275,"recovered":0,"date":"2020-09-17"},{"confirmed":6694153,"deaths":198185,"recovered":0,"date":"2020-09-18"},{"confirmed":6735758,"deaths":198887,"recovered":0,"date":"2020-09-19"},{"confirmed":6774350,"deaths":199124,"recovered":0,"date":"2020-09-20"},{"confirmed":6825458,"deaths":199547,"recovered":0,"date":"2020-09-21"},{"confirmed":6865233,"deaths":200560,"recovered":0,"date":"2020-09-22"},{"confirmed":6902685,"deaths":201631,"recovered":0,"date":"2020-09-23"},{"confirmed":6948718,"deaths":202540,"recovered":0,"date":"2020-09-24"},{"confirmed":7000574,"deaths":203459,"recovered":0,"date":"2020-09-25"},{"confirmed":7045315,"deaths":204202,"recovered":0,"date":"2020-09-26"},{"confirmed":7082971,"deaths":204478,"recovered":0,"date":"2020-09-27"},{"confirmed":7115032,"deaths":204797,"recovered":0,"date":"2020-09-28"},{"confirmed":7157707,"deaths":205674,"recovered":0,"date":"2020-09-29"},{"confirmed":7197918,"deaths":206626,"recovered":0,"date":"2020-09-30"},{"confirmed":7243217,"deaths":207483,"recovered":0,"date":"2020-10-01"},{"confirmed":7297541,"deaths":208387,"recovered":0,"date":"2020-10-02"},{"confirmed":7345867,"deaths":209075,"recovered":0,"date":"2020-10-03"},{"confirmed":7381636,"deaths":209422,"recovered":0,"date":"2020-10-04"},{"confirmed":7420488,"deaths":209863,"recovered":0,"date":"2020-10-05"},{"confirmed":7465111,"deaths":210569,"recovered":0,"date":"2020-10-06"},{"confirmed":7514742,"deaths":211463,"recovered":0,"date":"2020-10-07"},{"confirmed":7572749,"deaths":212412,"recovered":0,"date":"2020-10-08"},{"confirmed":7628505,"deaths":213357,"recovered":0,"date":"2020-10-09"},{"confirmed":7683196,"deaths":213978,"recovered":0,"date":"2020-10-10"},{"confirmed":7728933,"deaths":214382,"recovered":0,"date":"2020-10-11"},{"confirmed":7770378,"deaths":214718,"recovered":0,"date":"2020-10-12"},{"confirmed":7822155,"deaths":215508,"recovered":0,"date":"2020-10-13"},{"confirmed":7880562,"deaths":216503,"recovered":0,"date":"2020-10-14"},{"confirmed":7944825,"deaths":217301,"recovered":0,"date":"2020-10-15"},{"confirmed":8013434,"deaths":218173,"recovered":0,"date":"2020-10-16"},{"confirmed":8069822,"deaths":218894,"recovered":0,"date":"2020-10-17"},{"confirmed":8118835,"deaths":219294,"recovered":0,"date":"2020-10-18"},{"confirmed":8185792,"deaths":219742,"recovered":0,"date":"2020-10-19"},{"confirmed":8247047,"deaths":220658,"recovered":0,"date":"2020-10-20"},{"confirmed":8309260,"deaths":221822,"recovered":0,"date":"2020-10-21"},{"confirmed":8385226,"deaths":222663,"recovered":0,"date":"2020-10-22"},{"confirmed":8465540,"deaths":223603,"recovered":0,"date":"2020-10-23"},{"confirmed":8548258,"deaths":224523,"recovered":0,"date":"2020-10-24"},{"confirmed":8609728,"deaths":224875,"recovered":0,"date":"2020-10-25"},{"confirmed":8676344,"deaths":225336,"recovered":0,"date":"2020-10-26"},{"confirmed":8753643,"deaths":226313,"recovered":0,"date":"2020-10-27"},{"confirmed":8831888,"deaths":227310,"recovered":0,"date":"2020-10-28"},{"confirmed":8921760,"deaths":228283,"recovered":0,"date":"2020-10-29"},{"confirmed":9020010,"deaths":229287,"recovered":0,"date":"2020-10-30"},{"confirmed":9109334,"deaths":230196,"recovered":0,"date":"2020-10-31"},{"confirmed":9213426,"deaths":230608,"recovered":0,"date":"2020-11-01"},{"confirmed":9296617,"deaths":231099,"recovered":0,"date":"2020-11-02"},{"confirmed":9422875,"deaths":232674,"recovered":0,"date":"2020-11-03"},{"confirmed":9526404,"deaths":233780,"recovered":0,"date":"2020-11-04"},{"confirmed":9654538,"deaths":234928,"recovered":0,"date":"2020-11-05"},{"confirmed":9781195,"deaths":236135,"recovered":0,"date":"2020-11-06"},{"confirmed":9909025,"deaths":237176,"recovered":0,"date":"2020-11-07"},{"confirmed":10020419,"deaths":237646,"recovered":0,"date":"2020-11-08"},{"confirmed":10141941,"deaths":238325,"recovered":0,"date":"2020-11-09"},{"confirmed":10286006,"deaths":239742,"recovered":0,"date":"2020-11-10"},{"confirmed":10432496,"deaths":241211,"recovered":0,"date":"2020-11-11"},{"confirmed":10593970,"deaths":242540,"recovered":0,"date":"2020-11-12"},{"confirmed":10772785,"deaths":243702,"recovered":0,"date":"2020-11-13"},{"confirmed":10941259,"deaths":244968,"recovered":0,"date":"2020-11-14"},{"confirmed":11076852,"deaths":245599,"recovered":0,"date":"2020-11-15"},{"confirmed":11236341,"deaths":246322,"recovered":0,"date":"2020-11-16"},{"confirmed":11398323,"deaths":247995,"recovered":0,"date":"2020-11-17"},{"confirmed":11570375,"deaths":249851,"recovered":0,"date":"2020-11-18"},{"confirmed":11759929,"deaths":251811,"recovered":0,"date":"2020-11-19"},{"confirmed":11956253,"deaths":253694,"recovered":0,"date":"2020-11-20"},{"confirmed":12136400,"deaths":255125,"recovered":0,"date":"2020-11-21"},{"confirmed":12282257,"deaths":256038,"recovered":0,"date":"2020-11-22"},{"confirmed":12451217,"deaths":256944,"recovered":0,"date":"2020-11-23"},{"confirmed":12625429,"deaths":259061,"recovered":0,"date":"2020-11-24"},{"confirmed":12809131,"deaths":261329,"recovered":0,"date":"2020-11-25"},{"confirmed":12923435,"deaths":262559,"recovered":0,"date":"2020-11-26"},{"confirmed":13126882,"deaths":263979,"recovered":0,"date":"2020-11-27"},{"confirmed":13282607,"deaths":265189,"recovered":0,"date":"2020-11-28"},{"confirmed":13423445,"deaths":266035,"recovered":0,"date":"2020-11-29"},{"confirmed":13578850,"deaths":267182,"recovered":0,"date":"2020-11-30"},{"confirmed":13763304,"deaths":269741,"recovered":0,"date":"2020-12-01"},{"confirmed":13964602,"deaths":272494,"recovered":0,"date":"2020-12-02"},{"confirmed":14184452,"deaths":275327,"recovered":0,"date":"2020-12-03"},{"confirmed":14414587,"deaths":277898,"recovered":0,"date":"2020-12-04"},{"confirmed":14630561,"deaths":280139,"recovered":0,"date":"2020-12-05"},{"confirmed":14811707,"deaths":281259,"recovered":0,"date":"2020-12-06"},{"confirmed":15000492,"deaths":282674,"recovered":0,"date":"2020-12-07"},{"confirmed":15220150,"deaths":285191,"recovered":0,"date":"2020-12-08"},{"confirmed":15441759,"deaths":288245,"recovered":0,"date":"2020-12-09"},{"confirmed":15669757,"deaths":291130,"recovered":0,"date":"2020-12-10"},{"confirmed":15903280,"deaths":294397,"recovered":0,"date":"2020-12-11"},{"confirmed":16122508,"deaths":296729,"recovered":0,"date":"2020-12-12"},{"confirmed":16313926,"deaths":298115,"recovered":0,"date":"2020-12-13"},{"confirmed":16507925,"deaths":299592,"recovered":0,"date":"2020-12-14"},{"confirmed":16705849,"deaths":302566,"recovered":0,"date":"2020-12-15"},{"confirmed":16952898,"deaths":306224,"recovered":0,"date":"2020-12-16"},{"confirmed":17189528,"deaths":309548,"recovered":0,"date":"2020-12-17"},{"confirmed":17438319,"deaths":312344,"recovered":0,"date":"2020-12-18"},{"confirmed":17633330,"deaths":314876,"recovered":0,"date":"2020-12-19"},{"confirmed":17821594,"deaths":316360,"recovered":0,"date":"2020-12-20"},{"confirmed":18014691,"deaths":318042,"recovered":0,"date":"2020-12-21"},{"confirmed":18209156,"deaths":321430,"recovered":0,"date":"2020-12-22"},{"confirmed":18436641,"deaths":324741,"recovered":0,"date":"2020-12-23"},{"confirmed":18634045,"deaths":327612,"recovered":0,"date":"2020-12-24"},{"confirmed":18733968,"deaths":328820,"recovered":0,"date":"2020-12-25"},{"confirmed":18960202,"deaths":330487,"recovered":0,"date":"2020-12-26"},{"confirmed":19116609,"deaths":331688,"recovered":0,"date":"2020-12-27"},{"confirmed":19282822,"deaths":333398,"recovered":0,"date":"2020-12-28"},{"confirmed":19479200,"deaths":337113,"recovered":0,"date":"2020-12-29"},{"confirmed":19711048,"deaths":340826,"recovered":0,"date":"2020-12-30"},{"confirmed":19940327,"deaths":344214,"recovered":0,"date":"2020-12-31"},{"confirmed":20097546,"deaths":346230,"recovered":0,"date":"2021-01-01"},{"confirmed":20399169,"deaths":348621,"recovered":0,"date":"2021-01-02"},{"confirmed":20608826,"deaths":349958,"recovered":0,"date":"2021-01-03"},{"confirmed":20784754,"deaths":351803,"recovered":0,"date":"2021-01-04"},{"confirmed":21015336,"deaths":355562,"recovered":0,"date":"2021-01-05"},{"confirmed":21265400,"deaths":359408,"recovered":0,"date":"2021-01-06"},{"confirmed":21545800,"deaths":363583,"recovered":0,"date":"2021-01-07"},{"confirmed":21836126,"deaths":367518,"recovered":0,"date":"2021-01-08"},{"confirmed":22100393,"deaths":370747,"recovered":0,"date":"2021-01-09"},{"confirmed":22316194,"deaths":372554,"recovered":0,"date":"2021-01-10"},{"confirmed":22528991,"deaths":374548,"recovered":0,"date":"2021-01-11"},{"confirmed":22753335,"deaths":379007,"recovered":0,"date":"2021-01-12"},{"confirmed":22982718,"deaths":382952,"recovered":0,"date":"2021-01-13"},{"confirmed":22982718,"deaths":382952,"recovered":9017690,"date":"2021-01-14"}]